2theta,intensity
19.335,4
25.36,1000
25.712,782
30.831,975
32.846,48
34.896,3
36.284,239
37.327,178
37.984,78
38.396,22
38.64,26
39.249,44
39.992,42
40.2,146
42.372,150
42.74,5
43.628,4
46.108,195
46.41,14
48.065,310
48.675,3
49.207,195
49.742,29
52.082,35
52.848,1
53.516,9
54.274,219
54.461,27
55.279,311
55.765,56
56.314,5
57.223,140
57.388,17
57.762,20
60.061,58
60.501,3
63.099,17
63.487,76
63.724,104
65.072,122
65.499,5
65.952,78
67.717,2
68.299,2
68.867,63
71.603,30
71.783,12
72.453,7
73.286,4
73.693,20
74.178,2
74.533,9
74.978,1
75.944,1
76.414,1
77.194,20
77.879,8
78.288,4
79.124,12
79.373,25
79.668,3
80.408,17
82.374,27
82.571,15
82.858,10
83.055,4
83.459,11
84.013,4
84.398,38
85.235,13
87.255,8
89.128,1
89.272,1
89.419,1
90.342,1
91.751,2
92.115,10
93.332,21
95.768,32
96.154,17
96.704,1
97.017,2
97.776,54
98.456,1
100.244,1
103.109,5
103.32,2
105.472,10
105.641,7
106.478,6